mu,lambda,winner_flux,winner_flux_stability,winner_noflux,winner_noflux_stability,winner_changed
0.75,0.43,33,13.623772943930751,8,13.640688033006006,True
1.25,0.46,33,14.210720337944627,8,14.229766146404103,True
