degree,multiplicity
1,4.00000000000000
1,1.00000000000000
1,1.00000000000000
2,2.00000000000000 + 3.33066907387547E-16*I
2,1.00000000000000
