degree,multiplicity
1,3.00000000000000
1,1.00000000000000
1,1.00000000000000
2,4.00000000000000
2,1.00000000000000
