degree,multiplicity
1,1.00000000000000
1,1.00000000000000
1,1.00000000000000
2,2.00000000000000
2,2.00000000000000
2,2.00000000000000
3,3.00000000000000
