{
  "modes": 5,
  "eta": 1.0,
  "shots": 2000,
  "js": 0.04234738457367908,
  "js_ci": [
    0.039120674178498016,
    0.05014375053039208
  ],
  "h1_features": 45
}