{
  "modes": 6,
  "eta": 1.0,
  "shots": 5000,
  "js": 0.11463879629209481,
  "js_ci": [
    0.10990231322279426,
    0.12202027354607402
  ],
  "h1_features": 129
}