{
  "modes": 4,
  "eta": 1.0,
  "shots": 2000,
  "js": 0.04266494801493155,
  "js_ci": [
    0.03820664994552706,
    0.04901619921389973
  ],
  "h1_features": 17
}
