{
  "results": [
    {
      "rate": 0.01,
      "mean_kmer_top5": [
        8,
        9,
        23,
        28,
        50
      ],
      "h1_features": 18
    },
    {
      "rate": 0.03,
      "mean_kmer_top5": [
        8,
        9,
        23,
        28,
        50
      ],
      "h1_features": 78
    },
    {
      "rate": 0.1,
      "mean_kmer_top5": [
        8,
        9,
        23,
        28,
        50
      ],
      "h1_features": 213
    }
  ],
  "wasserstein": {
    "0.01-0.03": 0.023451252642388988,
    "0.03-0.1": 0.10272968410853421
  },
  "js_between_means": {
    "0.01-0.03": 2.232902583810046e-05,
    "0.03-0.1": 0.00026372218384429215
  }
}
