{
  "n_points": 45,
  "n_generators": 45,
  "gf2_rank_generators": 45,
  "gf2_rank_incidence": 44,
  "gf3_rank_incidence": 15,
  "concurrence_diag": 12,
  "concurrence_offdiag_mode": 3,
  "concurrence_eig_sample": [
    9.00000000000006,
    9.000000000000068,
    144.00000000000006
  ],
  "automorphism": {
    "method": "igraph_generators",
    "n_generators": 7,
    "exact_order": 103680,
    "order_factorization": [
      [
        2,
        8
      ],
      [
        3,
        4
      ],
      [
        5,
        1
      ]
    ],
    "stabilizer_order_vertex0": 1152,
    "vertex_orbit_size": 90,
    "vertex_transitive": true,
    "point_block_mixing": true,
    "point_orbit_sizes": [
      45
    ],
    "block_orbit_sizes": [
      45
    ],
    "generators_sample": [
      [
        0,
        1,
        2,
        4,
        3,
        8,
        7,
        6,
        5,
        10,
        9,
        11,
        12,
        15,
        16,
        13,
        14,
        26,
        25,
        27,
        28,
        31,
        32,
        29,
        30,
        18,
        17,
        19,
        20,
        23,
        24,
        21,
        22,
        33,
        35,
        34,
        36,
        38,
        37,
        42,
        44,
        43,
        39,
        41,
        40,
        45,
        46,
        47,
        49,
        48,
        53,
        52,
        51,
        50,
        55,
        54,
        56,
        58,
        57,
        65,
        64,
        66,
        68,
        67,
        60,
        59,
        61,
        63,
        62,
        69,
        71,
        70,
        75,
        77,
        76,
        72,
        74,
        73,
        78,
        80,
        79,
        84,
        86,
        85,
        81,
        83,
        82,
        87,
        89,
        88
      ],
      [
        0,
        1,
        2,
        10,
        9,
        18,
        17,
        26,
        25,
        4,
        3,
        11,
        12,
        19,
        20,
        27,
        28,
        6,
        5,
        13,
        14,
        21,
        22,
        29,
        30,
        8,
        7,
        15,
        16,
        23,
        24,
        31,
        32,
        33,
        34,
        35,
        36,
        42,
        39,
        38,
        44,
        41,
        37,
        43,
        40,
        45,
        46,
        47,
        55,
        54,
        60,
        59,
        65,
        64,
        49,
        48,
        56,
        61,
        66,
        51,
        50,
        57,
        62,
        67,
        53,
        52,
        58,
        63,
        68,
        69,
        72,
        75,
        70,
        73,
        76,
        71,
        74,
        77,
        78,
        84,
        81,
        80,
        86,
        83,
        79,
        85,
        82,
        87,
        88,
        89
      ],
      [
        0,
        1,
        2,
        6,
        5,
        4,
        3,
        8,
        7,
        10,
        9,
        13,
        14,
        11,
        12,
        15,
        16,
        26,
        25,
        29,
        30,
        27,
        28,
        31,
        32,
        18,
        17,
        21,
        22,
        19,
        20,
        23,
        24,
        35,
        34,
        33,
        38,
        37,
        36,
        44,
        43,
        42,
        41,
        40,
        39,
        45,
        46,
        47,
        51,
        50,
        49,
        48,
        53,
        52,
        55,
        54,
        57,
        56,
        58,
        65,
        64,
        67,
        66,
        68,
        60,
        59,
        62,
        61,
        63,
        70,
        69,
        71,
        76,
        75,
        77,
        73,
        72,
        74,
        80,
        79,
        78,
        86,
        85,
        84,
        83,
        82,
        81,
        89,
        88,
        87
      ],
      [
        0,
        2,
        1,
        4,
        3,
        6,
        5,
        8,
        7,
        10,
        9,
        12,
        11,
        14,
        13,
        16,
        15,
        18,
        17,
        20,
        19,
        22,
        21,
        24,
        23,
        26,
        25,
        28,
        27,
        30,
        29,
        32,
        31,
        33,
        34,
        35,
        36,
        37,
        38,
        39,
        40,
        41,
        42,
        43,
        44,
        45,
        47,
        46,
        49,
        48,
        51,
        50,
        53,
        52,
        55,
        54,
        69,
        70,
        71,
        60,
        59,
        72,
        73,
        74,
        65,
        64,
        75,
        76,
        77,
        56,
        57,
        58,
        61,
        62,
        63,
        66,
        67,
        68,
        78,
        79,
        80,
        81,
        82,
        83,
        84,
        85,
        86,
        87,
        88,
        89
      ],
      [
        0,
        3,
        4,
        1,
        2,
        5,
        6,
        8,
        7,
        12,
        11,
        10,
        9,
        14,
        13,
        15,
        16,
        28,
        27,
        26,
        25,
        30,
        29,
        31,
        32,
        20,
        19,
        18,
        17,
        22,
        21,
        23,
        24,
        36,
        39,
        42,
        33,
        43,
        41,
        34,
        40,
        38,
        35,
        37,
        44,
        45,
        48,
        49,
        46,
        47,
        50,
        51,
        53,
        52,
        56,
        69,
        54,
        70,
        58,
        66,
        75,
        64,
        76,
        68,
        61,
        72,
        59,
        73,
        63,
        55,
        57,
        71,
        65,
        67,
        77,
        60,
        62,
        74,
        87,
        85,
        83,
        88,
        82,
        80,
        89,
        79,
        86,
        78,
        81,
        84
      ],
      [
        1,
        0,
        2,
        5,
        8,
        3,
        6,
        7,
        4,
        25,
        18,
        36,
        12,
        37,
        16,
        38,
        14,
        17,
        10,
        42,
        28,
        43,
        32,
        44,
        30,
        9,
        26,
        39,
        20,
        40,
        24,
        41,
        22,
        33,
        35,
        34,
        11,
        13,
        15,
        27,
        29,
        31,
        19,
        21,
        23,
        46,
        45,
        47,
        50,
        53,
        48,
        51,
        52,
        49,
        64,
        60,
        56,
        58,
        57,
        59,
        55,
        66,
        68,
        67,
        54,
        65,
        61,
        63,
        62,
        78,
        79,
        80,
        84,
        85,
        86,
        81,
        82,
        83,
        69,
        70,
        71,
        75,
        76,
        77,
        72,
        73,
        74,
        87,
        89,
        88
      ],
      [
        45,
        46,
        47,
        48,
        49,
        50,
        51,
        52,
        53,
        54,
        55,
        69,
        56,
        70,
        57,
        71,
        58,
        59,
        60,
        72,
        61,
        73,
        62,
        74,
        63,
        64,
        65,
        75,
        66,
        76,
        67,
        77,
        68,
        87,
        88,
        89,
        78,
        79,
        80,
        81,
        82,
        83,
        84,
        85,
        86,
        0,
        1,
        2,
        3,
        4,
        5,
        6,
        7,
        8,
        9,
        10,
        12,
        14,
