{
  "mincut_nondefect_cost": 6,
  "spillover_edges_nondefect": [
    [
      12,
      15
    ],
    [
      13,
      27
    ],
    [
      19,
      20
    ],
    [
      20,
      38
    ],
    [
      20,
      40
    ],
    [
      20,
      44
    ]
  ],
  "defect_edges_delta4": [
    [
      0,
      20
    ],
    [
      10,
      12
    ],
    [
      26,
      27
    ],
    [
      27,
      45
    ]
  ],
  "var_q_class_counts": {
    "low(1/9)": 27,
    "mid(1/3)": 12,
    "high(1)": 1
  },
  "mean_abs_delta_by_var_q_class": {
    "high(1)": 0.0012889051225446,
    "low(1/9)": 0.0077452725519904335,
    "mid(1/3)": 0.0055971772513432995
  },
  "top10_lines": [
    3,
    7,
    8,
    14,
    15,
    18,
    19,
    26,
    35,
    39
  ],
  "top10_low_class_hits": 8,
  "top10_mid_class_hits": 2
}