{
  "orbit0": {
    "min_deg": 3,
    "max_deg": 6,
    "avg_deg": 4.237288135593221,
    "diameter": 7,
    "avg_shortest_path": 3.460549386323787
  },
  "orbit13": {
    "min_deg": 3,
    "max_deg": 6,
    "avg_deg": 4.237288135593221,
    "diameter": 7,
    "avg_shortest_path": 3.460549386323787
  },
  "sum_mod8_hist": {
    "2": 5,
    "6": 22,
    "0": 26,
    "4": 6
  },
  "sigma_hist": {
    "-1": 27,
    "1": 32
  },
  "edge_delta_sigma_table": {
    "-1": {
      "0": 0,
      "2": 31,
      "4": 0,
      "6": 27
    },
    "1": {
      "0": 63,
      "2": 0,
      "4": 4,
      "6": 0
    }
  }
}
