mode_k,baseline_max_abs_corr_J,baseline_max_abs_corr_U
4,-0.45911224351215885,-0.4572921236834505
5,-0.40067895916027774,0.44123091636368605
