{
  "max_line_orthonormality_error": 4.440892098500626e-16,
  "nonorth_absip2_min": 0.33333333333333315,
  "nonorth_absip2_max": 0.3333333333333338,
  "nonorth_absip2_unique_rounded": [
    0.333333333333
  ],
  "counts": {
    "vectors": 40,
    "basis_vectors_singleton": 4,
    "witting_vectors_three_nonzero": 36,
    "lines": 40,
    "orth_pairs": 240
  }
}
