line_a,line_b,corr,opp_rate,n
1,8,0.311174,1.000000,51
2,2,1.000000,0.000000,51
3,36,-0.302434,0.686275,51
4,22,0.127987,0.705882,51
5,39,-0.604317,1.000000,51
6,19,-0.837002,0.333333,51
7,15,-0.079953,0.666667,51
11,18,-0.815452,1.000000,51
13,21,0.406619,0.000000,51
14,35,0.353547,0.000000,51
16,28,0.501849,0.431373,51
17,23,0.768173,0.039216,51
20,32,-0.024656,0.450980,51
26,30,0.756286,0.000000,51
