degree,multiplicity
1,12.0000000000000
1,12.0000000000000
